id,email,campaign,test,created_at,birthday
1,gchesshire0@ucoz.ru,,,1/26/2017,4/17/1982
2,rbritner1@is.gd,,,10/8/2017,1/16/1970
3,acoysh2@canalblog.com,,,9/5/2017,8/11/1986
4,rbasley3@google.cn,,,7/29/2017,8/29/1960
5,kdury4@elpais.com,,,5/28/2017,10/2/1988
6,ssnowball5@ucoz.com,,,11/23/2017,6/13/1962
7,dbagshaw6@elpais.com,,,11/17/2017,12/17/1963
8,tdurden7@usgs.gov,,bears,4/9/2017,8/12/1989
9,rtinn8@archive.org,,,1/14/2017,11/8/1960
10,styndall9@vimeo.com,,bears,11/5/2017,1/20/1976
11,tmacmeanmaa@tripadvisor.com,,,11/2/2017,1/9/1985
12,hhandmanb@macromedia.com,,bears,5/29/2017,10/24/1963
13,mbixleyc@seesaa.net,,,5/22/2017,9/16/1967
14,torowaned@patch.com,,,3/27/2017,2/24/1963
15,gsharlande@barnesandnoble.com,,,8/3/2017,12/30/1960
16,gwrefordf@globo.com,,,5/11/2017,2/20/1967
17,vdimmerg@123-reg.co.uk,AAA-1,,2/4/2017,5/7/1983
18,mmcardh@ezinearticles.com,,,6/1/2017,4/18/1985
19,bsprasoni@paginegialle.it,,,6/10/2017,5/19/1984
20,hyakunkinj@yellowbook.com,,,10/9/2017,3/3/1989
21,nvank@uiuc.edu,,,3/17/2017,1/20/1966
22,jcornelll@tiny.cc,,,6/15/2017,9/1/1980
23,mfontellesm@lulu.com,,tigers,7/16/2017,8/10/1988
24,rclapsonn@uiuc.edu,,,11/7/2017,4/27/1970
25,cmcorkillo@t.co,,lions,12/21/2017,4/16/1988
26,dfrottonp@myspace.com,,,2/1/2017,1/28/1960
27,agligoraciq@thetimes.co.uk,,,10/21/2017,10/26/1981
28,bcicconer@sciencedirect.com,,tigers,9/21/2017,5/6/1989
29,rvittoris@pagesperso-orange.fr,,,10/7/2017,1/11/1963
30,bbollettit@cmu.edu,,,12/1/2017,1/9/1979
31,bnoadsu@howstuffworks.com,,bears,4/29/2017,8/11/1967
32,wtutchenerv@usatoday.com,,,10/16/2017,10/30/1970
33,gkarusw@github.com,,,4/3/2017,1/11/1975
34,milyushkinx@webnode.com,,,9/10/2017,8/21/1975
35,bskirliny@mapy.cz,,,11/7/2017,8/23/1989
36,spatekz@sciencedaily.com,,,4/3/2017,8/18/1978
37,blindback10@bizjournals.com,,,4/23/2017,2/19/1977
38,sforsyth11@ow.ly,,,2/21/2017,7/3/1975
39,mdominey12@gov.uk,,,10/14/2017,10/10/1977
40,sirving13@php.net,,bears,6/10/2017,9/3/1987
41,gleivesley14@comcast.net,,,5/7/2017,5/23/1975
42,cgornar15@psu.edu,,bears,7/23/2017,12/17/1986
43,ssharma16@whitehouse.gov,,,3/10/2017,11/23/1988
44,smilksop17@surveymonkey.com,,,8/12/2017,12/11/1970
45,lmalden18@va.gov,,,11/15/2017,8/4/1989
46,aquinnell19@uiuc.edu,,,6/3/2017,5/15/1987
47,gclackson1a@wisc.edu,,,8/12/2017,7/29/1977
48,bpaxton1b@uiuc.edu,,bears,7/27/2017,7/11/1973
49,pmooring1c@ning.com,,,12/4/2017,10/3/1966
50,lhunnicot1d@livejournal.com,,,12/10/2017,2/7/1974
51,zlamminam1e@opera.com,,,1/25/2017,4/24/1983
52,clemmers1f@weibo.com,,,8/3/2017,10/10/1972
53,ebangley1g@newyorker.com,,,8/22/2017,8/22/1963
54,cwilloughley1h@cam.ac.uk,,,4/23/2017,6/15/1969
55,ktownsend1i@mediafire.com,,bears,3/17/2017,8/15/1961
56,egashion1j@angelfire.com,BBB-2,,2/1/2017,10/23/1967
57,ajordine1k@furl.net,,lions,7/18/2017,7/12/1988
58,dgibke1l@smh.com.au,,,11/19/2017,7/14/1972
59,hpeddar1m@netlog.com,,,6/7/2017,11/7/1961
60,vstrelitz1n@irs.gov,,,4/5/2017,3/19/1986
61,gfusco1o@sohu.com,,,4/16/2017,1/22/1966
62,aofallowne1p@bloomberg.com,,,8/5/2017,6/9/1963
63,kparncutt1q@studiopress.com,,,2/13/2017,10/23/1968
64,gwaleran1r@naver.com,,,9/5/2017,9/4/1963
65,lblouet1s@thetimes.co.uk,,,1/5/2017,1/2/1988
66,dclowney1t@nymag.com,,lions,9/6/2017,1/12/1983
67,cgoldis1u@123-reg.co.uk,,,2/6/2017,4/3/1987
68,cnowaczyk1v@people.com.cn,,,7/17/2017,7/17/1975
69,aschiefersten1w@tuttocitta.it,,,11/21/2017,6/3/1989
70,mgoford1x@wordpress.org,,,5/19/2017,1/9/1969
71,dworner1y@exblog.jp,,,5/12/2017,12/26/1973
72,jsummerly1z@tinyurl.com,,,8/19/2017,9/9/1983
73,nhaddacks20@independent.co.uk,,lions,9/16/2017,7/8/1969
74,wcoburn21@who.int,,,10/24/2017,7/9/1972
75,jfawley22@zdnet.com,BBB-1,,3/19/2017,1/20/1986
76,csukbhans23@sbwire.com,,,1/3/2017,11/22/1988
77,smissen24@360.cn,,,3/12/2017,11/2/1980
78,jordemann25@live.com,,,10/16/2017,10/24/1987
79,lquye26@constantcontact.com,,tigers,4/18/2017,1/18/1982
80,esimper27@google.ca,,,10/17/2017,11/17/1987
81,gbonnick28@adobe.com,,tigers,2/25/2017,5/30/1979
82,jhawkswell29@twitpic.com,,,12/14/2017,5/26/1983
83,dmitkcov2a@amazon.co.jp,,,7/7/2017,12/27/1968
84,ytremble2b@jugem.jp,,,9/4/2017,6/9/1974
85,lginnety2c@storify.com,,,3/12/2017,9/30/1962
86,iwarlow2d@eventbrite.com,,,9/21/2017,7/12/1968
87,wtuhy2e@dedecms.com,,,2/10/2017,6/19/1980
88,wrailton2f@reuters.com,,,12/24/2017,8/1/1982
89,eomrod2g@yandex.ru,,,5/30/2017,3/7/1978
90,ggrute2h@cdc.gov,,,9/28/2017,6/24/1973
91,ggilardone2i@ebay.com,,,5/10/2017,6/14/1981
92,dosmund2j@nhs.uk,,,1/20/2017,7/2/1966
93,wstruijs2k@kickstarter.com,BBB-2,,1/4/2017,12/10/1983
94,tscoggans2l@squidoo.com,,,6/8/2017,12/21/1963
95,beastway2m@zdnet.com,,,2/20/2017,10/16/1986
96,mjeness2n@thetimes.co.uk,,,11/3/2017,10/26/1987
97,mmellodey2o@list-manage.com,,,6/22/2017,1/22/1973
98,pgeffe2p@spiegel.de,,,6/24/2017,4/6/1980
99,rvelden2q@yale.edu,,,2/3/2017,5/26/1981
100,ddorkens2r@deviantart.com,,,2/7/2017,10/19/1962
101,pselwyne2s@smh.com.au,,tigers,2/6/2017,2/1/1983
102,severingham2t@economist.com,,,4/11/2017,8/27/1980
103,abrosel2u@engadget.com,,,11/5/2017,7/18/1965
104,laggis2v@google.it,,,12/23/2017,11/15/1987
105,sbartlosz2w@digg.com,,,6/27/2017,5/23/1989
106,chowey2x@github.io,,tigers,4/30/2017,12/2/1989
107,cpetrakov2y@51.la,,,3/12/2017,12/24/1973
108,mrapport2z@slate.com,,,9/28/2017,5/9/1980
109,slewens30@squarespace.com,,bears,3/17/2017,7/9/1963
110,ekilliam31@sourceforge.net,,,11/17/2017,7/16/1969
111,stoombs32@illinois.edu,,,1/14/2017,3/23/1980
112,blatus33@netscape.com,,,7/22/2017,2/12/1966
113,poliff34@opensource.org,,,6/25/2017,9/12/1987
114,ccopcote35@histats.com,,,10/25/2017,1/14/1974
115,ehammand36@comsenz.com,,tigers,8/28/2017,5/25/1968
116,scrawford37@diigo.com,,,12/31/2017,5/13/1971
117,wbraybrookes38@indiegogo.com,,,7/26/2017,1/6/1982
118,rlampbrecht39@eventbrite.com,,,11/10/2017,2/11/1974
119,lkuschke3a@google.com.hk,,tigers,11/7/2017,8/2/1973
120,abaraja3b@amazonaws.com,,,10/16/2017,12/5/1960
121,gtetlow3c@jimdo.com,BBB-1,,9/20/2017,3/6/1974
122,whewell3d@elegantthemes.com,,,3/4/2017,6/11/1985
123,smelrose3e@amazonaws.com,,,10/9/2017,9/25/1989
124,ctitcumb3f@macromedia.com,,tigers,4/16/2017,8/13/1961
125,hdaniele3g@hao123.com,AAA-1,,1/3/2017,10/25/1963
126,gsimo3h@google.ru,,bears,2/10/2017,5/19/1988
127,bwyndham3i@ning.com,,,7/2/2017,5/10/1968
128,lsteers3j@blinklist.com,,,12/19/2017,6/29/1970
129,ecleft3k@rakuten.co.jp,,,9/25/2017,9/9/1965
130,cradloff3l@tiny.cc,,,10/7/2017,8/20/1985
131,scorre3m@kickstarter.com,,,11/3/2017,12/10/1973
132,vcraiker3n@examiner.com,,,11/6/2017,4/14/1987
133,fitzkov3o@uol.com.br,,,5/23/2017,9/1/1967
134,arainsdon3p@discovery.com,,,3/3/2017,1/1/1965
135,csmogur3q@sbwire.com,BBB-2,lions,1/5/2017,11/12/1968
136,flindfors3r@msu.edu,,bears,2/13/2017,7/13/1966
137,kbalfre3s@smugmug.com,,,12/22/2017,8/25/1961
138,etasseler3t@theatlantic.com,,,10/18/2017,4/25/1965
139,jgleader3u@imageshack.us,BBB-2,,9/28/2017,11/10/1980
140,evondrasek3v@moonfruit.com,,,12/21/2017,2/17/1963
141,dwhopples3w@t.co,,bears,11/26/2017,7/27/1962
142,swarry3x@baidu.com,,bears,11/11/2017,10/13/1980
143,cphillimore3y@huffingtonpost.com,,tigers,10/14/2017,10/23/1981
144,hcarmel3z@google.ca,,,4/20/2017,10/15/1983
145,eroebottom40@jalbum.net,,,8/3/2017,8/5/1977
146,dshuttleworth41@reference.com,BBB-2,,6/28/2017,11/3/1988
147,mjacobssen42@sbwire.com,BBB-1,,3/19/2017,12/23/1980
148,sstolberger43@uol.com.br,,bears,12/23/2017,12/4/1964
149,rsnelling44@cpanel.net,,,4/28/2017,6/14/1965
150,gkeough45@lulu.com,,,7/21/2017,12/27/1987
151,hcrutch46@umn.edu,,,11/26/2017,4/2/1985
152,efranek47@princeton.edu,,,8/9/2017,1/29/1980
153,sboud48@epa.gov,BBB-2,,7/30/2017,9/10/1965
154,bkenshole49@ehow.com,AAA-1,,2/27/2017,6/2/1985
155,zgarrad4a@walmart.com,,,4/3/2017,5/9/1983
156,bmeritt4b@nifty.com,,bears,7/29/2017,11/24/1986
157,jjeanenet4c@forbes.com,,,9/4/2017,5/22/1965
158,hmilverton4d@zimbio.com,,,4/27/2017,11/25/1968
159,jginglell4e@indiegogo.com,,,11/1/2017,6/22/1987
160,cfort4f@storify.com,,,3/19/2017,7/29/1966
161,jworsom4g@github.com,,,5/3/2017,10/25/1984
162,whardin4h@discovery.com,,,7/25/2017,10/28/1977
163,eidiens4i@cdc.gov,,,3/28/2017,6/9/1968
164,drannie4j@noaa.gov,,,7/12/2017,5/25/1984
165,gbrennon4k@ow.ly,,,8/3/2017,2/10/1974
166,bkleinmann4l@patch.com,,,6/24/2017,7/23/1978
167,pkiggel4m@japanpost.jp,,,8/1/2017,9/11/1964
168,bprosh4n@tripod.com,,,7/27/2017,2/16/1968
169,ebert4o@harvard.edu,,,8/30/2017,9/6/1986
170,bgilham4p@vk.com,AAA-2,,7/4/2017,9/18/1989
171,csteenson4q@feedburner.com,,,10/7/2017,3/17/1980
172,hstuart4r@wordpress.org,,,1/2/2017,6/8/1984
173,rezzy4s@github.com,,,4/2/2017,1/18/1988
174,fcapnerhurst4t@alexa.com,,,12/13/2017,11/2/1977
175,jaylin4u@chron.com,,,9/20/2017,5/7/1960
176,aburner4v@google.com.br,BBB-1,,7/10/2017,12/17/1972
177,mbuscombe4w@51.la,AAA-2,,7/16/2017,8/20/1967
178,jvanzon4x@wiley.com,,,12/7/2017,11/10/1964
179,pbirt4y@nasa.gov,,,4/9/2017,11/8/1978
180,bjoyce4z@webnode.com,,,10/30/2017,7/3/1978
181,tcoyte50@posterous.com,,,6/27/2017,1/8/1966
182,dgibbins51@lulu.com,,,6/7/2017,9/16/1981
183,grushman52@wp.com,,bears,7/28/2017,2/9/1961
184,njoscelyn53@buzzfeed.com,,,6/20/2017,8/8/1971
185,clerven54@xinhuanet.com,,bears,5/22/2017,6/8/1987
186,wlambal55@google.com.hk,,,8/29/2017,8/11/1987
187,gbailles56@oaic.gov.au,,,12/14/2017,3/26/1983
188,badriaan57@booking.com,,,8/6/2017,1/27/1987
189,fkinker58@yale.edu,,,5/10/2017,5/12/1983
190,pbury59@live.com,,,11/24/2017,12/9/1975
191,gfarre5a@clickbank.net,,,12/29/2017,10/20/1961
192,nspyby5b@deliciousdays.com,,,9/13/2017,3/19/1963
193,cbouts5c@sourceforge.net,,,2/22/2017,2/27/1983
194,gdoumer5d@cdc.gov,,,10/29/2017,2/2/1980
195,svanderweedenburg5e@naver.com,,,1/18/2017,3/5/1976
196,ahatry5f@wordpress.org,,bears,6/15/2017,10/10/1974
197,gryall5g@sina.com.cn,,,10/8/2017,9/26/1973
198,nsultan5h@newsvine.com,,,4/1/2017,2/5/1974
199,dreven5i@japanpost.jp,,,4/3/2017,12/29/1977
200,nkardos5j@wsj.com,,,2/15/2017,6/4/1986
201,ngeane5k@clickbank.net,,,8/19/2017,4/4/1964
202,pavrahamy5l@blogtalkradio.com,,lions,2/2/2017,12/16/1968
203,lhudson5m@ca.gov,,,11/25/2017,12/17/1989
204,dfritter5n@ifeng.com,,,6/11/2017,8/16/1989
205,bdomican5o@reddit.com,,,9/3/2017,1/8/1986
206,taldgate5p@desdev.cn,,,5/8/2017,4/21/1962
207,nsowerby5q@unblog.fr,,bears,8/21/2017,11/1/1976
208,cridsdale5r@booking.com,,,9/16/2017,4/23/1974
209,gbatchelor5s@reuters.com,,,2/12/2017,7/25/1986
210,csmallman5t@marketwatch.com,,,6/6/2017,1/6/1963
211,rbeggs5u@github.io,,,2/1/2017,7/2/1989
212,dimpson5v@nifty.com,,,1/21/2017,5/12/1981
213,vyankeev5w@mapquest.com,,,4/7/2017,11/18/1965
214,jemanson5x@japanpost.jp,,,12/1/2017,9/6/1977
215,hpeeter5y@nps.gov,,tigers,10/19/2017,2/24/1960
216,csheircliffe5z@sphinn.com,,,3/29/2017,3/10/1977
217,bansell60@fema.gov,,bears,4/8/2017,2/7/1961
218,lcramond61@google.com.au,,,5/2/2017,4/27/1976
219,rmaccrossan62@csmonitor.com,,,6/4/2017,10/10/1985
220,yciccottio63@wunderground.com,,bears,7/20/2017,7/10/1980
221,cpowles64@businessweek.com,,,4/11/2017,2/20/1965
222,aclaige65@craigslist.org,,,8/28/2017,1/9/1981
223,earmytage66@yellowpages.com,,,2/13/2017,9/28/1971
224,ltitley67@pbs.org,,,8/12/2017,12/20/1985
225,wtaill68@mac.com,AAA-2,,5/11/2017,10/10/1967
226,knesbitt69@example.com,,,1/19/2017,10/17/1982
227,rcannam6a@theguardian.com,,,12/14/2017,9/1/1972
228,cwestberg6b@bloglovin.com,,,4/4/2017,8/22/1976
229,kharteley6c@exblog.jp,,bears,12/26/2017,4/19/1970
230,dkorlat6d@jugem.jp,,,5/29/2017,7/30/1963
231,tverner6e@etsy.com,,,4/10/2017,11/19/1961
232,ostobbs6f@goo.ne.jp,,,12/21/2017,1/18/1980
233,mfarfull6g@soundcloud.com,,,8/11/2017,3/7/1963
234,strynor6h@nytimes.com,,tigers,2/10/2017,3/25/1966
235,hclue6i@hao123.com,,tigers,8/30/2017,2/17/1963
236,jmackean6j@microsoft.com,,bears,9/22/2017,7/16/1984
237,rmactrustram6k@xrea.com,,,3/10/2017,11/5/1966
238,mgregan6l@reference.com,,,9/7/2017,10/24/1986
239,lfiggins6m@netscape.com,,,11/1/2017,9/9/1962
240,jkunneke6n@bigcartel.com,,bears,4/5/2017,1/24/1975
241,whulett6o@slate.com,,,4/12/2017,2/2/1964
242,zkenset6p@last.fm,,,3/31/2017,2/25/1960
243,ajarratt6q@epa.gov,,,8/14/2017,2/13/1961
244,bfontel6r@reddit.com,,bears,9/25/2017,5/6/1961
245,awadie6s@sfgate.com,,tigers,4/23/2017,8/29/1981
246,jkulver6t@delicious.com,,bears,1/3/2017,11/14/1981
247,moret6u@apache.org,,,7/12/2017,2/11/1982
248,cantram6v@nps.gov,BBB-1,,4/3/2017,10/8/1961
249,riceton6w@ovh.net,,,6/1/2017,4/5/1964
250,csweed6x@cnbc.com,,lions,11/1/2017,12/8/1970
251,direson6y@ow.ly,,tigers,3/5/2017,5/5/1964
252,blevison6z@theglobeandmail.com,,bears,9/18/2017,9/11/1977
253,msantello70@surveymonkey.com,,,9/10/2017,1/13/1970
254,hcolnet71@lulu.com,,,2/13/2017,6/12/1961
255,airon72@bizjournals.com,,,10/5/2017,11/4/1961
256,hoflannery73@sciencedirect.com,,,7/17/2017,9/24/1981
257,gdunkerly74@noaa.gov,,,12/21/2017,6/23/1984
258,svearnals75@java.com,,,1/18/2017,10/21/1969
259,lleere76@npr.org,,bears,5/22/2017,8/16/1969
260,tearley77@github.com,,bears,8/2/2017,12/5/1969
261,hclemence78@ft.com,,,5/21/2017,11/20/1967
262,adugget79@umich.edu,,,12/4/2017,1/9/1984
263,hmcilhone7a@wunderground.com,,tigers,2/19/2017,1/30/1977
264,gaslum7b@lycos.com,,,10/30/2017,9/23/1980
265,shawk7c@elegantthemes.com,,bears,9/29/2017,9/16/1960
266,ndelmonte7d@shinystat.com,,,3/25/2017,8/24/1963
267,pfawdry7e@cbslocal.com,,,12/23/2017,6/5/1961
268,edurden7f@php.net,,,6/18/2017,5/11/1979
269,rpressman7g@1und1.de,BBB-1,lions,6/26/2017,8/23/1968
270,eroantree7h@latimes.com,,,2/18/2017,7/9/1965
271,elatimer7i@skyrock.com,,tigers,4/21/2017,10/10/1965
272,amacgettigen7j@ezinearticles.com,,,5/12/2017,9/29/1985
273,lmaro7k@foxnews.com,,,2/9/2017,7/25/1961
274,ecruxton7l@marriott.com,,,11/24/2017,4/17/1987
275,lhewins7m@weather.com,AAA-1,,10/14/2017,6/28/1987
276,jbalhatchet7n@t-online.de,,,10/19/2017,1/23/1983
277,sfautley7o@newyorker.com,,,11/21/2017,4/26/1967
278,ekliche7p@list-manage.com,,,2/24/2017,3/25/1965
279,fcroxon7q@go.com,,,2/16/2017,1/8/1981
280,afavela7r@smh.com.au,,,6/23/2017,6/5/1985
281,dticic7s@archive.org,,bears,4/2/2017,8/24/1986
282,gdottridge7t@yahoo.com,,,10/7/2017,2/22/1980
283,stapply7u@fda.gov,BBB-2,,5/23/2017,9/1/1961
284,tgatcliff7v@mapy.cz,,bears,1/22/2017,6/19/1976
285,harnli7w@wisc.edu,,,9/19/2017,12/9/1964
286,ghuster7x@rambler.ru,,bears,8/9/2017,2/7/1985
287,kshaddick7y@wordpress.com,,,7/21/2017,3/22/1986
288,slampke7z@blogtalkradio.com,,,6/6/2017,4/4/1983
289,diwaszkiewicz80@imgur.com,,,3/18/2017,10/3/1979
290,aballham81@spiegel.de,,,1/22/2017,6/18/1988
291,eantoszewski82@weibo.com,,,1/23/2017,10/29/1986
292,eshepherdson83@canalblog.com,,,8/28/2017,3/15/1965
293,glowdeane84@apple.com,,,10/5/2017,4/2/1972
294,karnfield85@vk.com,,,8/16/2017,12/4/1971
295,ppetracco86@shareasale.com,,bears,4/2/2017,10/23/1962
296,hphear87@jiathis.com,,bears,7/20/2017,10/26/1982
297,tmundall88@vk.com,,,10/12/2017,10/2/1969
298,bwinson89@mozilla.com,,,9/3/2017,2/18/1984
299,lfitchew8a@furl.net,,,3/6/2017,7/4/1963
300,bwilliscroft8b@reverbnation.com,,,10/31/2017,1/3/1964
301,ltongs8c@yahoo.com,,,10/30/2017,11/1/1981
302,awakely8d@dot.gov,BBB-1,,9/16/2017,1/9/1972
303,bleband8e@blinklist.com,,,7/16/2017,8/12/1964
304,dalessandrucci8f@hugedomains.com,,,2/19/2017,10/10/1969
305,cantoniutti8g@theatlantic.com,,,3/9/2017,12/18/1987
306,ttrusler8h@merriam-webster.com,,,3/2/2017,12/30/1989
307,dhaldon8i@4shared.com,BBB-2,,6/27/2017,12/27/1967
308,rmaguire8j@bizjournals.com,,,2/26/2017,9/8/1963
309,atoseland8k@smugmug.com,,bears,9/7/2017,9/14/1983
310,rjoppich8l@cargocollective.com,,bears,7/3/2017,3/26/1989
311,nreskelly8m@discovery.com,BBB-2,,3/2/2017,8/22/1978
312,bsylvaine8n@indiegogo.com,,bears,10/31/2017,6/13/1978
313,kvickar8o@prlog.org,,,1/24/2017,11/11/1981
314,tledeker8p@dropbox.com,,,7/15/2017,12/17/1978
315,nesser8q@imdb.com,,bears,8/4/2017,11/18/1965
316,tbeavis8r@nydailynews.com,,,1/15/2017,5/18/1970
317,mosban8s@foxnews.com,,,7/28/2017,11/30/1979
318,sivan8t@constantcontact.com,BBB-2,bears,7/4/2017,11/6/1976
319,lwestgate8u@miitbeian.gov.cn,,,10/17/2017,8/27/1973
320,dglavis8v@bbc.co.uk,,bears,7/7/2017,12/26/1986
321,dwyant8w@shinystat.com,,,9/27/2017,5/20/1976
322,rmcrorie8x@tamu.edu,BBB-1,,4/22/2017,3/5/1975
323,sguttridge8y@addthis.com,,,2/6/2017,9/24/1975
324,cmatityahu8z@paginegialle.it,,lions,5/3/2017,7/23/1964
325,tterrey90@globo.com,,,3/19/2017,10/1/1974
326,cferbrache91@lycos.com,,,9/17/2017,4/16/1983
327,bsends92@cdc.gov,,,2/12/2017,7/14/1961
328,balbon93@diigo.com,,,4/23/2017,10/22/1969
329,dcastillo94@soup.io,,,5/18/2017,4/17/1961
330,mpostlethwaite95@lulu.com,,,8/22/2017,6/23/1986
331,fdavaux96@tamu.edu,,,6/8/2017,2/20/1977
332,mgillespie97@imgur.com,,,10/19/2017,10/31/1963
333,scavet98@omniture.com,BBB-2,,3/18/2017,8/13/1982
334,fivankin99@stumbleupon.com,,bears,10/29/2017,8/4/1964
335,mjirsa9a@newsvine.com,,,3/22/2017,5/11/1970
336,hnudds9b@google.com.au,,lions,7/16/2017,8/6/1988
337,mballing9c@1und1.de,,,4/20/2017,10/3/1975
338,ncarwithen9d@prnewswire.com,,,10/21/2017,4/18/1971
339,lwyllt9e@networksolutions.com,,,11/23/2017,3/2/1973
340,asantello9f@last.fm,,bears,6/7/2017,8/28/1966
341,nbrevetor9g@opera.com,,,10/5/2017,1/21/1971
342,llowndes9h@aol.com,,tigers,5/23/2017,4/24/1970
343,kkeeley9i@businessweek.com,,bears,4/13/2017,2/27/1988
344,shouldin9j@fotki.com,,,9/28/2017,1/26/1983
345,espencer9k@jiathis.com,,,4/27/2017,9/21/1979
346,hhazelgreave9l@slideshare.net,,,6/25/2017,3/2/1969
347,gdomniney9m@bing.com,,,3/13/2017,4/14/1971
348,mlegon9n@biblegateway.com,,,4/10/2017,4/30/1979
349,dkalisz9o@mlb.com,,,2/13/2017,4/8/1981
350,cgidden9p@miibeian.gov.cn,,,3/22/2017,8/5/1960
351,vbritto9q@addthis.com,,,3/5/2017,6/19/1961
352,mgauch9r@prweb.com,,,12/3/2017,12/11/1963
353,nkores9s@ft.com,,,6/28/2017,7/29/1983
354,rsearchfield9t@virginia.edu,,,11/8/2017,11/10/1971
355,dpasterfield9u@newsvine.com,,tigers,1/20/2017,7/7/1986
356,fmacnalley9v@usa.gov,,,9/15/2017,1/19/1972
357,mgolbourn9w@jugem.jp,,,5/17/2017,2/11/1987
358,atrubshaw9x@ftc.gov,,,10/19/2017,7/15/1965
359,tciccetti9y@nationalgeographic.com,,,1/21/2017,7/30/1974
360,dgoretti9z@nature.com,,tigers,3/30/2017,2/24/1980
361,asheldona0@prnewswire.com,,bears,7/24/2017,4/26/1963
362,mhuytona1@example.com,,bears,10/11/2017,3/28/1962
363,ltownera2@dmoz.org,,,6/18/2017,5/11/1971
364,omcspirrona3@stanford.edu,,tigers,11/28/2017,7/16/1969
365,eczaplea4@irs.gov,,,11/18/2017,5/1/1982
366,rlowcocka5@virginia.edu,,,6/22/2017,4/6/1985
367,mimlacha6@fda.gov,,,4/2/2017,3/19/1984
368,komonda7@scientificamerican.com,,,3/26/2017,3/15/1960
369,vleyrroyda8@odnoklassniki.ru,,,7/1/2017,11/19/1961
370,dbifielda9@i2i.jp,,,10/11/2017,12/4/1974
371,smalyanaa@wisc.edu,,,3/9/2017,1/28/1975
372,dgepheartab@samsung.com,,,12/4/2017,9/16/1981
373,fmorforthac@ebay.com,,,3/20/2017,12/23/1964
374,epatifieldad@dmoz.org,,,7/26/2017,3/23/1974
375,ggrinikhinovae@dmoz.org,,bears,11/30/2017,2/19/1979
376,hswatmanaf@qq.com,,,12/7/2017,3/7/1986
377,btudgayag@dion.ne.jp,,,8/31/2017,2/16/1975
378,ltanswillah@discovery.com,,,6/22/2017,7/10/1975
379,astarfordai@pbs.org,BBB-2,,10/29/2017,1/28/1967
380,lbarnbrookaj@jalbum.net,,,1/14/2017,4/23/1988
381,esigertak@umich.edu,,,8/31/2017,10/11/1974
382,jgrottyal@walmart.com,,bears,6/28/2017,12/10/1965
383,idengelam@barnesandnoble.com,BBB-2,,11/15/2017,12/26/1967
384,bohmsan@ebay.co.uk,,,6/11/2017,9/8/1982
385,gwillstropao@usnews.com,,lions,6/6/2017,8/3/1973
386,ioddieap@apple.com,,,4/29/2017,6/12/1976
387,mclixbyaq@ycombinator.com,,,6/10/2017,7/3/1989
388,ehadwenar@surveymonkey.com,,tigers,1/6/2017,5/5/1974
389,akeydenas@xing.com,,,2/23/2017,1/30/1968
390,lfaddenat@hp.com,,,6/9/2017,1/17/1988
391,oterbruggeau@histats.com,,,6/30/2017,6/19/1974
392,mbiesterfeldav@360.cn,,,1/5/2017,10/18/1988
393,cderlaw@pagesperso-orange.fr,,,2/17/2017,12/5/1968
394,cfyrthax@ow.ly,,,7/6/2017,5/28/1976
395,mtaltonay@mozilla.org,,,6/21/2017,7/4/1972
396,mtsarovicaz@edublogs.org,,,1/15/2017,3/20/1977
397,fcleverlyb0@webmd.com,,,1/29/2017,7/14/1985
398,fyourellb1@time.com,,,7/3/2017,4/19/1972
399,bdomelowb2@biglobe.ne.jp,,,4/18/2017,2/22/1988
400,avinab3@jimdo.com,,,8/20/2017,3/27/1969
401,cofferb4@bravesites.com,,,11/24/2017,5/25/1971
402,mparnallb5@cmu.edu,BBB-2,,3/1/2017,5/30/1972
403,balphonsob6@shop-pro.jp,,,8/25/2017,3/28/1962
404,teamerb7@cbslocal.com,BBB-1,bears,1/18/2017,1/16/1986
405,vwakelinb8@ox.ac.uk,,,2/19/2017,6/23/1975
406,rmccluinb9@shop-pro.jp,,,7/10/2017,11/29/1969
407,npignyba@upenn.edu,,,11/29/2017,2/7/1982
408,jitzhakbb@buzzfeed.com,,,1/4/2017,1/29/1980
409,emaudittbc@cocolog-nifty.com,,,4/10/2017,9/26/1989
410,mcowpertwaitbd@ucsd.edu,,,7/11/2017,1/11/1965
411,rbedminsterbe@taobao.com,AAA-2,,11/2/2017,7/6/1961
412,ecodnerbf@github.io,,,8/10/2017,3/15/1975
413,abullersbg@wikia.com,,bears,2/24/2017,6/25/1985
414,toggerbh@typepad.com,,,5/13/2017,4/28/1964
415,cgodneybi@rediff.com,,,7/1/2017,7/27/1969
416,blahivebj@dyndns.org,,,1/30/2017,5/24/1979
417,bmaccrossonbk@elegantthemes.com,,,7/30/2017,6/11/1989
418,tbuffbl@jimdo.com,,,5/23/2017,11/28/1966
419,rjosovichbm@mashable.com,,tigers,7/16/2017,1/12/1970
420,vvearncombebn@google.ru,,lions,7/27/2017,3/27/1975
421,dgrewerbo@cisco.com,,,6/8/2017,10/13/1984
422,croftbp@i2i.jp,,,1/3/2017,6/19/1962
423,ccorreabq@epa.gov,BBB-2,,11/10/2017,12/19/1962
424,rekellbr@geocities.jp,,,3/3/2017,9/2/1974
425,lhellcatbs@deliciousdays.com,,,11/26/2017,7/4/1988
426,mbuschbt@imageshack.us,,,10/3/2017,6/12/1986
427,valbertibu@eventbrite.com,,bears,11/5/2017,6/25/1966
428,ckeyzmanbv@google.fr,,,9/18/2017,8/12/1968
429,jpesakbw@dailymotion.com,,,12/16/2017,4/11/1966
430,kspincksbx@slideshare.net,AAA-1,,11/19/2017,5/23/1984
431,emilkinby@shareasale.com,,,5/2/2017,8/26/1968
432,fcattonnetbz@guardian.co.uk,,,5/8/2017,1/6/1964
433,mcockrillc0@hao123.com,,,6/2/2017,4/20/1967
434,smowlingc1@hubpages.com,,,1/3/2017,8/25/1979
435,mcarlillc2@ezinearticles.com,,,1/11/2017,6/17/1966
436,tyeendc3@gravatar.com,,,9/9/2017,8/21/1987
437,nallmondc4@accuweather.com,,,6/27/2017,1/4/1986
438,gdudeniec5@wikispaces.com,,,3/21/2017,1/6/1962
439,ffrymanc6@typepad.com,,,8/27/2017,4/2/1985
440,lbrandic7@last.fm,,,1/5/2017,5/15/1986
441,afulunc8@4shared.com,,,6/12/2017,2/23/1987
442,ybattlec9@rambler.ru,,tigers,11/5/2017,1/4/1975
443,alackhamca@amazon.co.jp,,,5/2/2017,9/20/1966
444,tmarshcb@rambler.ru,,,12/16/2017,4/22/1965
445,vdecopemancc@upenn.edu,,,6/23/2017,9/16/1986
446,cpickthornecd@noaa.gov,,,12/12/2017,6/10/1961
447,jlamblece@joomla.org,,,10/5/2017,3/27/1976
448,efermingercf@reddit.com,,bears,6/15/2017,5/31/1984
449,lbeebecg@cnn.com,,,4/26/2017,7/11/1961
450,weuelsch@apple.com,,,3/23/2017,7/26/1973
451,mlabusquiereci@youtu.be,,,9/24/2017,9/7/1974
452,lclementelcj@intel.com,AAA-1,,9/17/2017,12/10/1988
453,idiblingck@eventbrite.com,,lions,2/1/2017,7/13/1970
454,fstappardcl@ow.ly,,,12/30/2017,8/14/1961
455,hpherpscm@ucsd.edu,,bears,3/19/2017,4/27/1967
456,csnaselcn@columbia.edu,,bears,3/29/2017,5/28/1970
457,kzanicchellico@g.co,,bears,7/26/2017,5/11/1973
458,swarlawcp@home.pl,,,4/27/2017,8/21/1970
459,bmccandlesscq@parallels.com,,,6/10/2017,4/21/1967
460,qvistecr@yelp.com,,,5/23/2017,2/16/1964
461,gwaskettcs@csmonitor.com,,,10/6/2017,10/26/1966
462,awilfingct@webmd.com,,,6/3/2017,12/28/1976
463,aclaysoncu@mlb.com,,,7/20/2017,10/27/1973
464,khackforthcv@vkontakte.ru,,,9/2/2017,7/25/1976
465,bcarhartcw@nature.com,,,7/12/2017,2/18/1966
466,jnizetcx@ucsd.edu,BBB-2,,12/13/2017,5/5/1983
467,lletessiercy@slideshare.net,,,10/23/2017,10/29/1979
468,rgrahamcz@salon.com,,bears,5/28/2017,11/11/1989
469,zyearnsleyd0@howstuffworks.com,,lions,12/5/2017,1/4/1979
470,pwhymand1@mayoclinic.com,,,9/10/2017,1/17/1978
471,gandrid2@hud.gov,,tigers,6/25/2017,1/18/1979
472,rwottond3@time.com,,,7/6/2017,6/22/1977
473,atottond4@histats.com,,,12/27/2017,3/15/1979
474,jrobbertd5@imdb.com,,,1/18/2017,12/17/1975
475,swalbyd6@aboutads.info,,,1/29/2017,11/3/1985
476,lwaistelld7@google.com,,,10/30/2017,12/2/1982
477,bvalad8@flavors.me,,,10/20/2017,6/12/1975
478,lambrodid9@tiny.cc,,,9/10/2017,4/3/1979
479,gduiguidda@ustream.tv,,,7/4/2017,6/20/1960
480,bmcdougalddb@skype.com,BBB-2,,3/14/2017,8/19/1963
481,sbuckleedc@hhs.gov,,bears,7/25/2017,5/4/1986
482,mdobesondd@tinyurl.com,,bears,8/19/2017,2/8/1974
483,breeksde@linkedin.com,,,2/19/2017,7/14/1972
484,sbreagandf@ihg.com,,,12/8/2017,6/11/1989
485,mgoodaledg@washington.edu,,bears,9/7/2017,12/3/1964
486,cmitchelydh@ebay.co.uk,,,10/2/2017,7/9/1989
487,abruynsdi@istockphoto.com,,,1/2/2017,7/26/1975
488,ckauffmandj@w3.org,BBB-1,bears,5/28/2017,4/18/1980
489,laffusodk@jugem.jp,BBB-1,bears,6/14/2017,11/21/1973
490,rwaynedl@discuz.net,AAA-1,,10/25/2017,7/31/1974
491,dnelligandm@sogou.com,,,3/20/2017,4/18/1982
492,blundbechdn@qq.com,,,2/4/2017,1/23/1988
493,comaileydo@digg.com,,,4/30/2017,10/27/1974
494,mconleydp@skype.com,,bears,2/26/2017,10/8/1974
495,tleprovostdq@paypal.com,,bears,5/25/2017,1/7/1987
496,bservantedr@bloglovin.com,,,7/7/2017,11/12/1968
497,fcraddockds@globo.com,,,10/27/2017,2/11/1970
498,lloftsdt@cam.ac.uk,,,5/18/2017,2/29/1964
499,bdittydu@hud.gov,,bears,6/28/2017,5/4/1983
500,bvicarydv@weather.com,,,6/19/2017,11/10/1962
501,clummasanadw@i2i.jp,,tigers,2/20/2017,8/28/1971
502,cbanisterdx@businesswire.com,,,8/12/2017,1/20/1970
503,cyarmouthdy@yahoo.co.jp,,,11/4/2017,10/31/1985
504,hortodz@twitter.com,,,6/6/2017,5/19/1969
505,jjahnige0@surveymonkey.com,,,11/6/2017,6/27/1980
506,dcruddase1@themeforest.net,,,4/27/2017,5/12/1970
507,apietrasike2@hud.gov,,tigers,8/15/2017,7/18/1961
508,edarrelle3@theguardian.com,,,11/3/2017,9/27/1989
509,ychaime4@ning.com,,,12/30/2017,12/3/1973
510,hromere5@naver.com,,tigers,10/9/2017,10/18/1966
511,fkeizmane6@biglobe.ne.jp,,bears,11/2/2017,4/3/1966
512,tosgerbye7@gizmodo.com,,bears,10/7/2017,3/13/1989
513,kmacklame8@privacy.gov.au,,,3/8/2017,1/2/1963
514,aproberte9@ft.com,,,5/18/2017,11/26/1984
515,srodriguesea@earthlink.net,,,6/19/2017,9/19/1974
516,gmollineb@dailymail.co.uk,,,4/12/2017,8/23/1963
517,rdawidowitzec@gravatar.com,,,8/10/2017,10/15/1987
518,fstorered@plala.or.jp,,,6/25/2017,3/27/1974
519,cbrumhamee@nifty.com,,,3/24/2017,6/2/1963
520,mwelfordef@clickbank.net,AAA-1,,12/14/2017,5/29/1985
521,bspencookeg@youku.com,BBB-2,bears,7/20/2017,7/17/1987
522,rmichelieh@princeton.edu,,bears,3/7/2017,3/15/1977
523,dlinesei@tmall.com,,,5/14/2017,7/24/1976
524,lblenkinsopej@google.pl,,,3/18/2017,4/24/1981
525,cfritterek@mashable.com,,,12/22/2017,6/28/1984
526,gmorelandel@who.int,,,3/8/2017,3/22/1977
527,tcappsem@printfriendly.com,,,8/1/2017,7/29/1985
528,jclohissyen@wunderground.com,,,8/17/2017,1/30/1968
529,chutchinsoneo@ucsd.edu,,,6/2/2017,3/24/1967
530,aritsonep@statcounter.com,,,12/7/2017,11/13/1964
531,jcowpereq@xrea.com,,,5/31/2017,6/21/1970
532,edennisser@gizmodo.com,,,2/24/2017,3/30/1987
533,eidalees@ebay.co.uk,,lions,6/19/2017,1/15/1985
534,ltheusset@dailymotion.com,,,12/14/2017,10/10/1976
535,tferrarinieu@wiley.com,BBB-2,,6/10/2017,8/1/1962
536,cchennellsev@facebook.com,,,12/7/2017,5/6/1967
537,atoolanew@amazon.co.uk,,,9/24/2017,11/28/1963
538,rharberex@w3.org,,,8/11/2017,12/28/1967
539,achoffiney@cnet.com,,,3/24/2017,8/13/1968
540,dreffordez@diigo.com,,bears,12/20/2017,4/1/1983
541,ocobsonf0@weebly.com,,,5/25/2017,3/8/1985
542,mpeterif1@toplist.cz,,,6/18/2017,12/1/1976
543,jjoriotf2@feedburner.com,,,8/31/2017,12/14/1982
544,esanziof3@google.cn,,,3/9/2017,2/12/1966
545,fgiraldof4@aboutads.info,,,12/30/2017,6/24/1960
546,acharityf5@topsy.com,,,12/3/2017,3/16/1963
547,trowberryf6@delicious.com,BBB-2,,1/5/2017,9/16/1966
548,jmillef7@shinystat.com,,,6/17/2017,6/17/1960
549,dmcglewf8@marriott.com,,,8/10/2017,12/25/1974
550,nizzardf9@themeforest.net,,lions,8/18/2017,6/21/1971
551,lgolsonfa@biglobe.ne.jp,,,8/9/2017,2/7/1978
552,chansedfb@abc.net.au,,,8/8/2017,10/30/1968
553,tbrandlefc@auda.org.au,,tigers,3/6/2017,3/12/1977
554,jespinheirafd@huffingtonpost.com,AAA-2,,1/12/2017,11/24/1984
555,mcookefe@oakley.com,,,6/1/2017,9/27/1978
556,lbrannff@trellian.com,,,4/25/2017,5/21/1961
557,ngrutfg@slashdot.org,BBB-1,,6/2/2017,11/10/1965
558,sjancafh@creativecommons.org,,bears,9/2/2017,8/31/1970
559,ldeldellofi@wufoo.com,,,12/4/2017,10/4/1969
560,adorganfj@cnet.com,,bears,10/3/2017,1/22/1985
561,hfarninfk@google.co.jp,,lions,6/8/2017,7/27/1988
562,ethyingfl@state.gov,,tigers,11/28/2017,6/23/1987
563,mlarrawayfm@theatlantic.com,,,7/7/2017,2/4/1987
564,hmccarrollfn@moonfruit.com,,tigers,2/14/2017,2/1/1979
565,knevittfo@hostgator.com,,,12/20/2017,6/4/1965
566,rferenczyfp@slashdot.org,,,8/20/2017,6/12/1980
567,eastlefq@google.com.au,,,11/20/2017,12/28/1983
568,ltalbyfr@list-manage.com,,,4/18/2017,11/7/1975
569,dlouedeyfs@examiner.com,,,8/20/2017,8/28/1966
570,gwickershamft@themeforest.net,AAA-1,lions,9/7/2017,9/9/1975
571,equigleyfu@engadget.com,,,3/13/2017,1/21/1985
572,efeastfv@wikispaces.com,,,10/29/2017,4/26/1983
573,hgriswoodfw@e-recht24.de,,,12/12/2017,5/3/1976
574,ewelmanfx@ezinearticles.com,,,2/21/2017,11/5/1978
575,drobezfy@home.pl,,,8/19/2017,4/26/1981
576,lvieyrafz@cdc.gov,,bears,2/9/2017,5/17/1985
577,bbartleg0@mapquest.com,AAA-2,,3/17/2017,4/24/1976
578,mmaccoveneyg1@blogs.com,,,1/28/2017,8/6/1969
579,sscibseyg2@geocities.com,,,4/9/2017,2/20/1977
580,gdommettg3@nytimes.com,,,10/24/2017,7/27/1985
581,asullandg4@4shared.com,,lions,1/29/2017,12/13/1984
582,ifaichnieg5@craigslist.org,,,1/1/2017,12/5/1974
583,dmackeagueg6@slashdot.org,,,10/30/2017,8/21/1960
584,abarlassg7@myspace.com,,,8/26/2017,8/14/1973
585,jlintotg8@soup.io,,,12/12/2017,9/20/1962
586,eselwyneg9@cornell.edu,,,12/13/2017,7/26/1977
587,bkivellega@tuttocitta.it,AAA-1,,2/18/2017,9/30/1989
588,zdeverauxgb@xinhuanet.com,,,6/29/2017,8/30/1987
589,amcgurngc@vk.com,,bears,1/20/2017,7/31/1960
590,tbiddlestonegd@netlog.com,BBB-2,,2/28/2017,9/29/1989
591,qhuyghege@taobao.com,BBB-1,,4/25/2017,2/21/1978
592,ehurdidgegf@intel.com,,bears,6/7/2017,8/16/1966
593,vcurtissgg@army.mil,,,10/16/2017,2/26/1966
594,aklaaassengh@weebly.com,,,3/24/2017,5/8/1980
595,mslixbygi@illinois.edu,AAA-1,,2/18/2017,5/22/1982
596,tmallinggj@globo.com,,,10/25/2017,6/10/1963
597,cstreatleygk@jigsy.com,,,8/4/2017,12/1/1971
598,awehnergl@smugmug.com,,lions,9/19/2017,5/23/1989
599,iwilldengm@dedecms.com,,,8/12/2017,7/8/1963
600,shafnergn@ftc.gov,,lions,4/18/2017,8/21/1969
601,hlamasnago@apple.com,,,12/14/2017,9/3/1982
602,varrighinigp@weather.com,,,12/13/2017,3/22/1964
603,bbrucknergq@merriam-webster.com,AAA-2,,8/21/2017,10/20/1978
604,rcourtmangr@sakura.ne.jp,,,10/13/2017,8/26/1974
605,awoolfgs@posterous.com,,,5/11/2017,12/28/1981
606,dcoultousgt@tuttocitta.it,,bears,4/15/2017,7/17/1981
607,cbanthamgu@umich.edu,,,10/20/2017,1/25/1970
608,lcasaligv@marriott.com,,,4/23/2017,2/7/1971
609,atutegw@jugem.jp,,,5/15/2017,5/14/1960
610,onornablegx@acquirethisname.com,,,7/9/2017,2/17/1970
611,lyouteadgy@yelp.com,,,10/14/2017,7/4/1976
612,nkembergz@rediff.com,,,7/1/2017,3/26/1962
613,wisabellh0@harvard.edu,,,3/12/2017,5/20/1961
614,mnevinsonh1@blog.com,,tigers,8/12/2017,6/11/1984
615,kfearnh2@google.com.au,,,11/18/2017,1/4/1967
616,lgeraldh3@drupal.org,,,10/17/2017,1/12/1962
617,jthridgouldh4@usa.gov,,bears,8/19/2017,11/22/1961
618,ccarruthersh5@blinklist.com,,,7/26/2017,4/14/1969
619,bbilfooth6@skyrock.com,,,11/16/2017,3/20/1962
620,rwaliszekh7@princeton.edu,,bears,5/31/2017,7/22/1984
621,gdawidh8@flickr.com,,,9/17/2017,2/3/1963
622,bstoterh9@vkontakte.ru,,,12/4/2017,2/13/1970
623,jsaffonha@tinypic.com,AAA-1,bears,12/14/2017,8/12/1975
624,mdelmagehb@ycombinator.com,,,9/19/2017,9/16/1968
625,rlachaizehc@wix.com,,,11/12/2017,4/3/1970
626,mkenthd@mapquest.com,,,12/8/2017,10/26/1972
627,gdenisethe@wiley.com,BBB-1,,12/27/2017,10/11/1966
628,lpetruskevichhf@rakuten.co.jp,,,3/14/2017,6/27/1976
629,adanbrookhg@ovh.net,,,4/2/2017,9/30/1973
630,babdiehh@clickbank.net,,,5/17/2017,11/6/1969
631,dmordacaihi@booking.com,,,5/22/2017,7/1/1972
632,irennenbachhj@npr.org,,,9/26/2017,7/20/1987
633,sorourkehk@ow.ly,BBB-2,bears,10/22/2017,6/3/1963
634,gsturchhl@barnesandnoble.com,,,10/18/2017,8/20/1989
635,ebeldumhm@latimes.com,,tigers,9/16/2017,2/15/1976
636,nmontforthn@dedecms.com,,,8/10/2017,1/22/1987
637,omcbratneyho@google.es,,,12/29/2017,4/4/1961
638,astillerthp@dropbox.com,,bears,8/12/2017,6/30/1979
639,sfarranthq@is.gd,,,7/27/2017,9/11/1962
640,jhalvorsenhr@webnode.com,,,4/26/2017,7/26/1974
641,gstandinghs@furl.net,,,11/6/2017,7/26/1975
642,kmichalht@4shared.com,,,8/30/2017,1/12/1967
643,sclimerhu@google.com.br,,,10/28/2017,3/18/1987
644,gwagstaffehv@tinypic.com,,,3/2/2017,12/24/1961
645,cbartshw@bloglovin.com,,,8/5/2017,8/9/1972
646,rmccrawhx@nature.com,,bears,3/5/2017,10/18/1972
647,awhitinghy@ovh.net,,,4/21/2017,6/28/1979
648,fdomenicohz@list-manage.com,,,4/8/2017,12/14/1960
649,nroslingi0@weebly.com,BBB-2,,3/25/2017,8/31/1967
650,gdownsi1@bloglines.com,,bears,3/10/2017,8/23/1985
651,aburndredi2@intel.com,,,5/12/2017,5/10/1989
652,smapplebecki3@imgur.com,,,11/14/2017,4/19/1982
653,csarai4@toplist.cz,BBB-1,,5/16/2017,7/16/1962
654,asauli5@artisteer.com,,,12/4/2017,6/5/1975
655,loldalei6@ox.ac.uk,,,10/3/2017,3/30/1987
656,mgrombridgei7@booking.com,,lions,10/11/2017,9/9/1965
657,slouwi8@oracle.com,,,7/6/2017,3/11/1975
658,kalasdairi9@wikia.com,,tigers,4/20/2017,7/25/1961
659,amundieia@discovery.com,,,2/25/2017,4/17/1963
660,cwildberib@cmu.edu,,,7/20/2017,4/7/1971
661,achurmic@phoca.cz,,,7/3/2017,11/2/1980
662,hromagosaid@alibaba.com,,tigers,7/11/2017,10/29/1982
663,sfairbourneie@google.com,,,11/10/2017,3/14/1969
664,esadgroveif@jigsy.com,,,10/27/2017,12/6/1966
665,stallynig@netscape.com,,bears,2/25/2017,6/3/1978
666,nshergoldih@time.com,,,1/27/2017,8/11/1988
667,ymaaszii@mlb.com,,,7/16/2017,8/31/1979
668,sbrodeauij@moonfruit.com,,,9/15/2017,6/20/1966
669,gjachtymik@ucoz.com,,,5/6/2017,11/23/1980
670,wyaneleil@tmall.com,,,2/8/2017,2/8/1986
671,cwetheredim@usda.gov,,,10/18/2017,12/2/1973
672,tsockellin@umn.edu,,,1/20/2017,4/11/1988
673,rpeekevoutio@craigslist.org,,,9/8/2017,7/24/1964
674,vcoonihanip@symantec.com,,,2/28/2017,4/5/1984
675,feagleniq@com.com,,,10/22/2017,10/25/1983
676,csergeantir@accuweather.com,,,5/21/2017,7/4/1977
677,llochis@nature.com,,,10/15/2017,6/9/1970
678,shedlingit@cafepress.com,,,2/27/2017,3/8/1971
679,eloftieiu@nifty.com,,,4/4/2017,3/23/1983
680,kleattiv@howstuffworks.com,,,7/25/2017,2/27/1965
681,awoodnuttiw@naver.com,,,10/10/2017,11/7/1968
682,cbraybrooksix@feedburner.com,BBB-1,bears,12/18/2017,12/23/1960
683,cmaddysoniy@vinaora.com,,,8/22/2017,7/1/1961
684,acrosstoniz@marriott.com,,,4/19/2017,10/17/1985
685,lgoginj0@vistaprint.com,BBB-1,,5/15/2017,3/26/1975
686,ztolchardej1@sohu.com,,bears,5/6/2017,5/6/1980
687,bpauerj2@wunderground.com,,lions,4/26/2017,4/3/1962
688,tmaxworthyj3@twitpic.com,,,5/24/2017,2/21/1984
689,ldennittsj4@smh.com.au,,bears,12/3/2017,4/17/1968
690,tbykj5@w3.org,,,3/24/2017,12/19/1967
691,hgitshamj6@businessinsider.com,,,6/29/2017,2/7/1972
692,nbondej7@163.com,,,1/25/2017,1/19/1988
693,cgirckej8@wikia.com,,,8/20/2017,3/21/1979
694,fhadleej9@google.co.jp,,,4/18/2017,1/31/1966
695,hbrowseja@ocn.ne.jp,,,6/11/2017,5/17/1971
696,vlaredjb@tiny.cc,,,12/26/2017,3/25/1967
697,fcrimpjc@umich.edu,,,2/24/2017,4/15/1970
698,jcoathupjd@house.gov,,,3/24/2017,8/13/1976
699,shumburtonje@ed.gov,,,1/1/2017,6/4/1985
700,wmanjinjf@issuu.com,,bears,11/2/2017,6/24/1964
701,ebrabbinsjg@newsvine.com,,,2/18/2017,6/5/1975
702,kcootesjh@mozilla.org,,,9/6/2017,12/27/1973
703,arokeji@marketwatch.com,,,2/12/2017,7/31/1985
704,mkubacekjj@dell.com,,,2/11/2017,5/17/1973
705,phuffajk@fc2.com,,bears,6/18/2017,3/15/1964
706,ksywelljl@sina.com.cn,,lions,6/26/2017,3/5/1963
707,ctalesjm@geocities.jp,,,6/13/2017,11/19/1965
708,bgrininjn@globo.com,BBB-2,,10/21/2017,1/30/1960
709,dgobournjo@businesswire.com,,tigers,12/8/2017,1/7/1986
710,upippingjp@home.pl,,,10/22/2017,7/2/1967
711,nmckennyjq@usgs.gov,,,9/3/2017,1/15/1986
712,trebeirojr@time.com,BBB-1,,6/1/2017,8/4/1981
713,kpeirpointjs@unblog.fr,,,2/8/2017,1/31/1987
714,dreubbensjt@whitehouse.gov,,lions,12/10/2017,4/3/1974
715,estaddomju@vimeo.com,,,5/13/2017,4/1/1981
716,lritmeierjv@marketwatch.com,,,11/10/2017,10/19/1962
717,hlangfittjw@php.net,,,4/19/2017,9/1/1963
718,hwoodworthjx@accuweather.com,,,5/9/2017,5/31/1974
719,cstotejy@hc360.com,,bears,11/4/2017,4/25/1984
720,kpedwelljz@walmart.com,,,3/28/2017,7/6/1964
721,smencok0@senate.gov,,,3/21/2017,1/1/1976
722,kkettk1@delicious.com,,,10/8/2017,1/24/1974
723,cmordantik2@independent.co.uk,,,10/11/2017,10/22/1988
724,rromneyk3@squarespace.com,,,8/17/2017,12/27/1962
725,ccobbyk4@flickr.com,,,7/13/2017,12/28/1985
726,khumblestonek5@uiuc.edu,,,2/20/2017,10/26/1964
727,pkarlowiczk6@wunderground.com,,,7/10/2017,1/1/1988
728,jduttonk7@gmpg.org,,,11/20/2017,2/5/1986
729,fstallenk8@cnbc.com,,,8/13/2017,2/24/1975
730,kcowinsk9@va.gov,,,3/5/2017,10/10/1970
731,rpickfordka@cnbc.com,,bears,2/28/2017,4/1/1967
732,bantcliffekb@howstuffworks.com,,,8/9/2017,6/6/1963
733,esextonkc@4shared.com,,,6/5/2017,6/5/1972
734,asappykd@google.it,,,12/26/2017,11/18/1975
735,aedgerlyke@parallels.com,,,2/4/2017,12/12/1986
736,imolenkf@oracle.com,,,9/29/2017,5/6/1968
737,kchallicombekg@myspace.com,,,10/23/2017,2/16/1983
738,edonnekh@people.com.cn,,,10/28/2017,9/16/1962
739,ainnwoodki@arizona.edu,,,3/5/2017,8/12/1963
740,bcarlyonkj@fda.gov,,,11/15/2017,11/6/1967
741,loxbykk@printfriendly.com,AAA-1,,11/22/2017,3/9/1976
742,rouldcottkl@jugem.jp,,,1/7/2017,12/11/1968
743,gpilsworthkm@reference.com,,,2/9/2017,7/4/1978
744,shazeldeankn@wp.com,,,2/27/2017,2/7/1970
745,syearsleyko@cdbaby.com,,,11/18/2017,6/3/1972
746,splasterkp@bluehost.com,,,4/9/2017,12/9/1987
747,csimmankkq@washingtonpost.com,,,12/13/2017,7/7/1982
748,dteekkr@slideshare.net,AAA-1,,12/30/2017,11/11/1986
749,kfineyks@pinterest.com,,,4/14/2017,10/31/1975
750,rsharrattkt@si.edu,BBB-1,lions,11/21/2017,5/28/1965
751,ilindenbergku@weather.com,,,11/3/2017,12/24/1974
752,avieyrakv@jigsy.com,,,9/14/2017,10/22/1971
753,hcashmankw@dailymail.co.uk,,,1/25/2017,3/24/1988
754,tkauffmankx@harvard.edu,,,7/29/2017,12/30/1972
755,kcrudgingtonky@blogs.com,,,6/25/2017,11/26/1988
756,magronskikz@admin.ch,,,7/22/2017,6/2/1983
757,fsisselotl0@cloudflare.com,,,6/28/2017,2/8/1975
758,kbauldreyl1@theglobeandmail.com,,,6/21/2017,8/31/1987
759,dnickolesl2@printfriendly.com,,tigers,9/20/2017,3/6/1963
760,cnavanl3@noaa.gov,,lions,10/31/2017,6/14/1962
761,jfoxcroftl4@thetimes.co.uk,,lions,3/13/2017,11/30/1974
762,jbernettel5@yandex.ru,,,12/28/2017,10/29/1964
763,gvezeyl6@sitemeter.com,,,1/4/2017,12/17/1989
764,sviscol7@ow.ly,,,11/26/2017,3/4/1968
765,dcholertonl8@admin.ch,,bears,12/7/2017,12/11/1964
766,tdevenishl9@marketwatch.com,,,10/17/2017,12/27/1985
767,wscrannagela@jalbum.net,,,10/7/2017,4/13/1972
768,lalfordlb@istockphoto.com,,,6/13/2017,9/27/1982
769,hhinkensenlc@google.com.br,,lions,11/28/2017,6/30/1978
770,cpridgeonld@time.com,,,3/2/2017,11/13/1978
771,chefferonle@seesaa.net,,,10/26/2017,10/23/1968
772,hblythelf@hubpages.com,,bears,6/20/2017,1/3/1989
773,rmerrymanlg@sciencedirect.com,,,10/26/2017,5/29/1960
774,atunesilh@tripadvisor.com,,,11/25/2017,5/16/1960
775,afoanli@1688.com,,,1/29/2017,1/27/1982
776,alinzeylj@slideshare.net,,,9/17/2017,6/5/1960
777,easiflk@ning.com,,tigers,9/11/2017,12/2/1963
778,fbernholtll@goo.gl,,,7/28/2017,1/7/1978
779,isoppettlm@walmart.com,,,11/6/2017,7/13/1971
780,delbourneln@jugem.jp,,,6/18/2017,3/30/1975
781,ponionlo@spiegel.de,,,12/11/2017,6/21/1973
782,sbrasteadlp@creativecommons.org,,,12/8/2017,11/9/1979
783,adwightlq@artisteer.com,,,9/23/2017,9/28/1979
784,cbeckwithlr@weebly.com,,,1/18/2017,1/3/1987
785,akindallls@artisteer.com,,tigers,4/27/2017,2/7/1961
786,tcuxsonlt@rediff.com,,,5/16/2017,4/21/1978
787,wbatesonlu@cnet.com,,,1/24/2017,9/23/1986
788,lfarriarlv@microsoft.com,,,2/6/2017,11/22/1968
789,emarsaylw@google.it,,,2/12/2017,8/7/1973
790,jsacchettilx@cnn.com,,,1/15/2017,1/21/1983
791,hfoortly@buzzfeed.com,,,11/1/2017,2/17/1988
792,rmatthewslz@diigo.com,,,11/23/2017,8/20/1981
793,gfurnivalm0@boston.com,,,3/11/2017,4/21/1969
794,jbesantiem1@mtv.com,,,4/27/2017,1/14/1960
795,krandellm2@sitemeter.com,,,8/31/2017,12/28/1964
796,deliffm3@taobao.com,,,8/16/2017,1/31/1981
797,bbuggym4@buzzfeed.com,,,4/22/2017,4/1/1963
798,cbiasim5@hexun.com,,bears,10/11/2017,9/27/1973
799,rlintallm6@unicef.org,,,12/12/2017,6/29/1974
800,hslynem7@cdc.gov,,bears,1/29/2017,9/27/1986
801,afitzackerleym8@posterous.com,,,11/14/2017,12/7/1969
802,wnethercliftm9@cargocollective.com,AAA-1,lions,9/16/2017,4/23/1966
803,udimondma@theglobeandmail.com,,,2/16/2017,5/17/1962
804,bdraiseymb@shinystat.com,,,9/1/2017,1/12/1964
805,cclerkmc@dailymail.co.uk,,,11/7/2017,10/13/1983
806,hmaccoughanmd@businessinsider.com,,,4/20/2017,5/2/1974
807,premingtonme@blog.com,,,3/7/2017,7/31/1986
808,wseamenmf@hugedomains.com,BBB-1,,6/24/2017,8/27/1986
809,hoharneymg@npr.org,,bears,12/19/2017,6/16/1972
810,jbaintonmh@yolasite.com,,bears,7/29/2017,3/12/1980
811,vrawstornmi@tripod.com,,,7/21/2017,11/28/1988
812,fcullinanmj@home.pl,BBB-2,bears,8/14/2017,9/7/1964
813,mavesmk@biblegateway.com,,,1/6/2017,3/26/1978
814,sanscottml@cyberchimps.com,BBB-2,,8/28/2017,9/5/1974
815,ftwiggemm@slashdot.org,,,12/2/2017,11/17/1987
816,omackowlemn@dyndns.org,BBB-2,bears,8/14/2017,4/28/1985
817,ibuttenmo@unblog.fr,,,5/8/2017,8/21/1966
818,cenefermp@columbia.edu,,,6/4/2017,12/9/1962
819,hdodameadmq@ameblo.jp,,,7/30/2017,3/12/1972
820,rchidgeymr@weather.com,,,10/8/2017,4/8/1976
821,bdeangelisms@imageshack.us,,,6/7/2017,5/31/1984
822,gcavillamt@macromedia.com,,,11/3/2017,9/2/1982
823,vricciardimu@liveinternet.ru,,,5/1/2017,10/23/1987
824,vshipperbottommv@adobe.com,,,6/16/2017,3/30/1965
825,lgershommw@unesco.org,,,9/14/2017,3/18/1983
826,mbywatermx@slashdot.org,,,6/23/2017,6/17/1986
827,bdeloozemy@arstechnica.com,,,4/24/2017,7/21/1979
828,edouthwaitemz@cdbaby.com,,,1/2/2017,5/20/1970
829,aivankinn0@bbc.co.uk,,,7/14/2017,5/6/1965
830,abradbrookn1@sogou.com,,tigers,4/1/2017,5/12/1986
831,rkaesmakersn2@so-net.ne.jp,,,10/15/2017,10/4/1972
832,jgaskalln3@devhub.com,,,2/16/2017,3/28/1971
833,otoplinn4@mit.edu,,,6/20/2017,1/3/1973
834,ctriponn5@free.fr,,,7/4/2017,7/28/1963
835,grounsefulln6@google.de,,bears,10/24/2017,6/6/1986
836,shollyarn7@psu.edu,,,7/24/2017,1/10/1974
837,aknaggsn8@engadget.com,,,2/20/2017,11/14/1974
838,wshaven9@posterous.com,,,7/4/2017,11/10/1961
839,jlumberna@photobucket.com,,,6/3/2017,2/6/1973
840,massantenb@wikia.com,,,10/18/2017,4/2/1961
841,onairync@yale.edu,,,2/2/2017,10/15/1974
842,icristofornd@wufoo.com,,,3/24/2017,1/20/1984
843,ebosankone@nbcnews.com,,,10/9/2017,6/2/1977
844,mdickinsnf@nhs.uk,,,8/10/2017,11/17/1975
845,khamsonng@marketwatch.com,,,1/19/2017,4/27/1985
846,kleedsnh@nsw.gov.au,,,4/9/2017,10/20/1972
847,seggertonni@imgur.com,,,5/8/2017,12/2/1974
848,denriquesnj@arstechnica.com,,,5/5/2017,4/30/1967
849,aingerfieldnk@dell.com,,,11/5/2017,8/22/1969
850,dkeyhoenl@uiuc.edu,,,7/10/2017,4/18/1972
851,prosingdallnm@toplist.cz,,bears,8/26/2017,3/31/1974
852,cbowersnn@npr.org,,,11/4/2017,9/20/1967
853,smumbeyno@jugem.jp,,,7/12/2017,12/5/1986
854,olungnp@trellian.com,,bears,5/16/2017,1/3/1985
855,wraysonnq@mapy.cz,AAA-1,,2/7/2017,6/20/1975
856,lweymannr@etsy.com,BBB-1,,3/27/2017,6/6/1986
857,afalloonns@loc.gov,,bears,7/21/2017,5/7/1985
858,jdrengnt@globo.com,,,8/25/2017,10/2/1960
859,bsinyardnu@cargocollective.com,,,8/24/2017,1/7/1983
860,jlicasnv@japanpost.jp,,,8/13/2017,5/6/1983
861,lantonaccinw@edublogs.org,,bears,7/9/2017,9/13/1976
862,tmcinilitynx@joomla.org,,bears,4/8/2017,2/13/1972
863,ewrenchny@scribd.com,,,6/18/2017,3/25/1963
864,stomasellonz@is.gd,,,10/28/2017,12/11/1966
865,dmatuszinskio0@behance.net,,,6/1/2017,6/3/1986
866,pvauneo1@parallels.com,,,5/15/2017,7/21/1969
867,alarneo2@salon.com,,,1/10/2017,12/22/1985
868,lcoshamo3@harvard.edu,,bears,3/6/2017,11/6/1970
869,sdonio4@google.nl,,,2/5/2017,8/15/1975
870,rishamo5@harvard.edu,,bears,12/29/2017,3/13/1981
871,elyenyngo6@deviantart.com,,tigers,4/15/2017,9/11/1969
872,fgeertjeo7@about.me,,,12/22/2017,3/4/1964
873,jcriago8@freewebs.com,,,7/4/2017,4/20/1980
874,npaolinio9@ucsd.edu,,,12/31/2017,9/6/1989
875,rminellioa@g.co,,,9/7/2017,12/15/1975
876,rbletsoob@squidoo.com,,bears,7/15/2017,5/8/1981
877,omansouroc@tmall.com,,,5/15/2017,5/21/1968
878,hsharrockod@moonfruit.com,,,10/30/2017,11/13/1969
879,rstallenoe@si.edu,,bears,7/8/2017,8/16/1980
880,cmacterlaghof@free.fr,,,5/15/2017,4/16/1960
881,cbartalinog@engadget.com,,,9/12/2017,1/29/1968
882,kwandsoh@issuu.com,,,9/20/2017,5/7/1964
883,arennisonoi@simplemachines.org,,,10/21/2017,1/7/1987
884,lgillhespyoj@seattletimes.com,,,4/20/2017,6/1/1978
885,fhamberok@studiopress.com,,bears,3/18/2017,11/3/1966
886,mdavidowichol@amazonaws.com,,,12/3/2017,5/4/1981
887,fsharpeom@unicef.org,,,5/3/2017,4/21/1970
888,dmattusevichon@hao123.com,,,4/2/2017,6/25/1966
889,amcnaeoo@ask.com,,,6/28/2017,7/21/1980
890,slerwayop@hubpages.com,,,10/11/2017,4/26/1966
891,gduceoq@istockphoto.com,,tigers,4/15/2017,6/12/1989
892,jcastelor@de.vu,,,7/13/2017,8/25/1987
893,brawlinsonos@pcworld.com,,lions,8/4/2017,5/26/1975
894,pboyfordot@wisc.edu,,,7/5/2017,8/4/1972
895,cgoaneou@msn.com,,,5/29/2017,2/23/1970
896,cbywayov@webmd.com,,,8/20/2017,12/25/1974
897,hjunkinsonow@bing.com,,,8/27/2017,4/9/1964
898,bboshardox@tinyurl.com,,,4/20/2017,11/25/1962
899,gbentickoy@goodreads.com,,,6/17/2017,6/27/1978
900,acardalloz@census.gov,,,5/26/2017,2/19/1988
901,clestrangep0@constantcontact.com,,,1/12/2017,6/24/1981
902,lcornfordp1@pagesperso-orange.fr,,,3/12/2017,4/3/1987
903,sclemmensenp2@ibm.com,,,10/1/2017,7/5/1985
904,jdellatorrep3@yellowbook.com,,,11/13/2017,12/31/1983
905,ktomeop4@baidu.com,,,7/14/2017,11/19/1971
906,bdelacroixp5@bluehost.com,,,11/16/2017,6/13/1962
907,ghavep6@php.net,,,11/10/2017,4/24/1980
908,nbroekp7@feedburner.com,,,4/28/2017,10/26/1961
909,witshakp8@ovh.net,,lions,11/6/2017,6/2/1985
910,acourtenayp9@dropbox.com,,,4/12/2017,11/13/1968
911,bcreaserpa@creativecommons.org,,,4/27/2017,4/25/1989
912,cellerpb@typepad.com,BBB-2,bears,9/12/2017,7/12/1983
913,ayoxallpc@domainmarket.com,,,9/18/2017,3/27/1973
914,rcolnettpd@marriott.com,,,6/1/2017,11/20/1974
915,sbrodbinpe@intel.com,,,11/30/2017,3/29/1961
916,ynorleypf@ed.gov,,,12/11/2017,12/4/1975
917,bownsworthpg@wikispaces.com,AAA-2,,5/7/2017,4/19/1970
918,ihallorph@ow.ly,,,12/7/2017,10/1/1974
919,ebanghampi@seesaa.net,,,3/24/2017,7/15/1982
920,sscramagepj@digg.com,,,7/13/2017,5/28/1985
921,cbarkesspk@columbia.edu,,,3/29/2017,5/8/1988
922,eramptonpl@sciencedaily.com,,,7/17/2017,7/29/1980
923,nwindaybankpm@indiegogo.com,,lions,11/10/2017,5/13/1972
924,dkirrenspn@cbsnews.com,,,2/8/2017,9/25/1985
925,vjouannissonpo@bravesites.com,,,10/9/2017,2/3/1986
926,pwilkinspp@prnewswire.com,,,10/14/2017,9/10/1968
927,pdibnerpq@over-blog.com,,,12/14/2017,2/4/1986
928,ckeighlypr@edublogs.org,,,12/27/2017,5/17/1969
929,rinchanps@bluehost.com,BBB-2,,1/1/2017,10/18/1972
930,mcordaroypt@tripadvisor.com,BBB-2,,2/6/2017,2/28/1962
931,ghesserpu@diigo.com,,,11/27/2017,7/31/1967
932,oschoenleiterpv@washington.edu,,,3/5/2017,3/18/1962
933,msparshuttpw@moonfruit.com,,lions,8/24/2017,1/16/1973
934,ndebowpx@mapquest.com,BBB-2,bears,6/11/2017,9/1/1969
935,bnareypy@booking.com,,,9/8/2017,7/13/1965
936,agoblepz@t.co,,,5/28/2017,1/8/1966
937,ctantonq0@cbslocal.com,,,1/12/2017,5/25/1974
938,ccarsq1@va.gov,,,12/13/2017,2/10/1975
939,sarrigoq2@uiuc.edu,,,10/8/2017,1/24/1976
940,jaristideq3@nih.gov,,,8/31/2017,4/19/1988
941,ghillyattq4@sciencedaily.com,AAA-2,,10/15/2017,8/29/1982
942,mkingsworthq5@twitter.com,,,2/23/2017,3/18/1975
943,sharbarq6@xinhuanet.com,,,7/11/2017,5/9/1977
944,btwohigq7@epa.gov,,,4/30/2017,4/10/1986
945,mtouhigq8@china.com.cn,,,6/30/2017,2/1/1964
946,rteazq9@nba.com,,,6/12/2017,2/20/1965
947,ksabatiniqa@latimes.com,,,8/26/2017,11/18/1987
948,knorsisterqb@godaddy.com,,,6/2/2017,5/15/1966
949,gburgoinqc@sitemeter.com,,,10/30/2017,8/11/1972
950,dvanmerweqd@mapquest.com,BBB-2,,10/21/2017,1/22/1981
951,acarlonqe@163.com,,,3/14/2017,5/15/1969
952,dmougelqf@cafepress.com,,,8/3/2017,11/25/1976
953,sschirokqg@smugmug.com,,lions,9/20/2017,8/14/1987
954,alemarchantqh@unesco.org,BBB-2,,3/17/2017,10/9/1984
955,rbentjensqi@dedecms.com,BBB-2,,11/4/2017,5/17/1960
956,hmeldingqj@bloomberg.com,BBB-2,,3/23/2017,4/30/1971
957,bcosslettqk@deliciousdays.com,,,4/16/2017,11/29/1970
958,nwitherdonql@comsenz.com,,,3/31/2017,8/1/1970
959,gsizeyqm@pen.io,,,9/26/2017,9/18/1986
960,glaughtisseqn@usa.gov,,,6/14/2017,7/4/1974
961,sjusterqo@1und1.de,AAA-1,,6/22/2017,8/22/1961
962,msevilleqp@list-manage.com,,,11/27/2017,11/4/1967
963,ffrantzeniqq@ifeng.com,BBB-2,bears,1/28/2017,1/17/1989
964,ldybleqr@seattletimes.com,,,6/21/2017,5/19/1972
965,gnorledgeqs@rediff.com,,tigers,10/29/2017,5/5/1986
966,usappellqt@ezinearticles.com,,,7/3/2017,12/19/1982
967,nashlingqu@marketwatch.com,,,5/24/2017,4/2/1971
968,aoldmeadowqv@google.com.au,,,8/31/2017,12/19/1985
969,ablandamereqw@shutterfly.com,,,5/15/2017,7/8/1984
970,fpalerqx@xrea.com,,,12/12/2017,11/29/1988
971,madriaanqy@smh.com.au,BBB-2,bears,7/12/2017,12/7/1979
972,pblodgettsqz@fotki.com,,,10/2/2017,9/22/1961
973,cgirardonir0@eepurl.com,,,2/25/2017,9/4/1974
974,aferridayr1@nymag.com,,,9/23/2017,7/15/1967
975,eodeveyr2@soup.io,,,11/29/2017,3/29/1972
976,rgallemorer3@psu.edu,,,5/2/2017,2/1/1965
977,swebenr4@examiner.com,,,5/8/2017,4/12/1989
978,bdibnerr5@weibo.com,,,9/15/2017,12/10/1961
979,tskippingsr6@mashable.com,,,6/15/2017,6/2/1975
980,yfinnier7@1688.com,,,4/23/2017,6/17/1970
981,ceareyr8@ow.ly,,,7/10/2017,10/7/1986
982,mdepietrir9@dailymotion.com,,,11/28/2017,11/7/1984
983,lsouthanra@latimes.com,,,2/25/2017,10/3/1976
984,gjudsonrb@intel.com,,bears,1/11/2017,4/19/1984
985,vhutchesonrc@bbb.org,,,1/25/2017,2/13/1966
986,nduferrd@bloglovin.com,,,4/5/2017,12/21/1963
987,osandwickre@rambler.ru,,,3/4/2017,12/7/1974
988,wlinnemanrf@dell.com,,,12/30/2017,10/31/1961
989,ehirthrg@prlog.org,,,6/3/2017,7/12/1973
990,abendittrh@buzzfeed.com,,bears,2/1/2017,7/4/1964
991,upearmainri@sphinn.com,AAA-1,bears,10/14/2017,4/7/1968
992,emassierj@goo.ne.jp,BBB-2,bears,6/2/2017,5/16/1964
993,bmoehlerk@amazonaws.com,,bears,6/17/2017,1/22/1981
994,mhassenrl@discovery.com,,,3/31/2017,6/22/1989
995,acatanheirarm@gmpg.org,,,9/1/2017,4/1/1984
996,njeffcoatrn@photobucket.com,,,2/21/2017,7/15/1965
997,tfeldbergerro@networkadvertising.org,,,3/28/2017,9/10/1982
998,driggeyrp@chronoengine.com,,,9/21/2017,1/23/1960
999,jgeraudyrq@cornell.edu,,,7/12/2017,9/15/1965
1000,nfersonrr@berkeley.edu,,tigers,10/19/2017,6/19/1963
